1,47,-87.114,32.334
1,65,-87.623,32.753
1,85,-86.651,32.148
1,105,-87.294,32.639
1,119,-88.2,32.597
1,3,-87.746,30.659
1,53,-87.168,31.122
1,99,-87.383,31.58
1,9,-86.566,33.977
1,19,-85.654,34.07
1,43,-86.869,34.132
1,49,-85.804,34.461
1,55,-86.034,34.048
1,71,-85.98,34.764
1,33,-87.801,34.703
1,77,-87.651,34.904
1,79,-87.322,34.53
1,83,-86.981,34.81
1,89,-86.551,34.764
1,103,-86.846,34.454
1,21,-86.727,32.854
1,57,-87.764,33.716
1,121,-86.176,33.369
1,125,-87.523,33.29
1,5,-85.405,31.87
1,39,-86.449,31.244
1,61,-85.821,31.092
1,69,-85.296,31.158
1,109,-85.942,31.799
5,105,-92.927,34.946
5,1,-91.377,34.29
5,35,-90.315,35.212
5,37,-90.764,35.286
5,77,-90.779,34.78
5,85,-91.894,34.755
5,95,-91.203,34.68
5,107,-90.856,34.424
5,117,-91.554,34.831
5,123,-90.742,35.014
5,147,-91.245,35.193
5,21,-90.419,36.367
5,31,-90.631,35.828
5,55,-90.566,36.121
5,63,-91.56,35.737
5,67,-91.223,35.597
5,75,-91.101,36.041
5,93,-90.052,35.767
5,111,-90.681,35.569
5,121,-91.028,36.341
5,145,-91.753,35.255
5,7,-94.256,36.338
5,3,-91.772,33.191
5,17,-91.297,33.267
5,41,-91.244,33.829
5,43,-91.723,33.587
5,69,-91.931,34.278
5,79,-91.728,33.958
10,1,-75.503,39.097
10,3,-75.644,39.576
10,5,-75.337,38.673
13,23,-83.332,32.435
13,91,-83.156,32.16
13,175,-82.926,32.393
13,225,-83.832,32.571
13,33,-82.012,33.051
13,163,-82.42,33.058
13,165,-81.972,32.795
13,147,-82.963,34.349
13,221,-83.074,33.867
13,55,-85.345,34.474
13,129,-84.874,34.51
13,295,-85.305,34.736
13,19,-83.228,31.289
13,27,-83.582,30.823
13,69,-82.845,31.549
13,71,-83.77,31.19
13,161,-82.637,31.812
13,271,-82.931,31.914
13,277,-83.526,31.457
13,1,-82.29,31.74
13,109,-81.89,32.153
13,229,-82.21,31.354
13,267,-82.059,32.044
13,279,-82.332,32.127
13,299,-82.422,31.051
13,87,-84.584,30.881
13,99,-84.907,31.324
13,131,-84.245,30.876
13,205,-84.192,31.229
13,253,-84.868,30.934
13,273,-84.439,31.777
13,275,-83.92,30.865
13,193,-84.051,32.363
13,197,-84.53,32.36
13,269,-84.251,32.555
17,39,-88.902,40.181
17,107,-89.365,40.129
17,115,-88.962,39.86
17,123,-89.342,41.031
17,125,-89.914,40.237
17,113,-88.845,40.495
17,129,-89.794,40.023
17,143,-89.767,40.786
17,175,-89.797,41.097
17,179,-89.516,40.508
17,203,-89.211,40.79
17,19,-88.197,40.139
17,53,-88.225,40.597
17,75,-87.834,40.749
17,91,-87.861,41.14
17,105,-88.553,40.894
17,147,-88.592,40.009
17,183,-87.727,40.187
17,23,-87.792,39.332
17,25,-88.482,38.747
17,29,-88.221,39.514
17,33,-87.761,39.003
17,35,-88.241,39.273
17,41,-88.223,39.766
17,45,-87.747,39.679
17,49,-88.593,39.048
17,51,-89.018,39.001
17,79,-88.151,39.005
17,101,-87.73,38.719
17,121,-88.92,38.648
17,139,-88.626,39.637
17,159,-88.086,38.712
17,173,-88.799,39.385
17,7,-88.824,42.319
17,37,-88.769,41.895
17,63,-88.401,41.292
17,89,-88.428,41.94
17,99,-88.886,41.343
17,97,-87.436,42.326
17,111,-88.452,42.324
17,197,-87.978,41.448
17,11,-89.528,41.401
17,15,-89.924,42.071
17,73,-90.131,41.35
17,85,-90.211,42.362
17,103,-89.299,41.747
17,131,-90.741,41.205
17,141,-89.32,42.042
17,155,-89.298,41.199
17,161,-90.572,41.468
17,177,-89.666,42.35
17,195,-89.911,41.751
17,201,-89.161,42.337
17,55,-88.926,37.992
17,59,-88.228,37.769
17,69,-88.266,37.518
17,81,-88.924,38.301
17,127,-88.706,37.216
17,151,-88.542,37.417
17,185,-87.839,38.446
17,191,-88.432,38.432
17,193,-88.179,38.087
17,27,-89.426,38.606
17,87,-88.882,37.461
17,133,-90.179,38.278
17,145,-89.369,38.084
17,153,-89.128,37.216
17,157,-89.821,38.057
17,163,-89.929,38.47
17,189,-89.417,38.353
17,199,-88.93,37.73
17,1,-91.195,39.986
17,9,-90.75,39.962
17,57,-90.202,40.465
17,67,-91.168,40.406
17,71,-90.941,40.814
17,95,-90.214,40.931
17,109,-90.679,40.456
17,169,-90.613,40.157
17,187,-90.62,40.85
17,5,-89.437,38.886
17,13,-90.666,39.164
17,17,-90.246,39.969
17,21,-89.28,39.546
17,61,-90.388,39.355
17,83,-90.361,39.08
17,117,-89.926,39.266
17,119,-89.9,38.827
17,135,-89.478,39.228
17,137,-90.203,39.718
17,149,-90.889,39.625
17,167,-89.662,39.757
17,171,-90.478,39.637
18,5,-85.898,39.206
18,11,-86.469,40.051
18,23,-86.478,40.306
18,31,-85.5,39.306
18,53,-85.655,40.516
18,57,-86.022,40.054
18,59,-85.773,39.823
18,63,-86.51,39.769
18,67,-86.114,40.484
18,81,-86.095,39.496
18,95,-85.722,40.166
18,97,-86.136,39.783
18,109,-86.447,39.483
18,139,-85.466,39.622
18,145,-85.792,39.524
18,159,-86.056,40.31
18,9,-85.324,40.473
18,35,-85.399,40.228
18,41,-85.185,39.64
18,65,-85.397,39.93
18,75,-85.003,40.435
18,135,-85.005,40.164
18,161,-84.925,39.623
18,177,-85.007,39.863
18,15,-86.565,40.585
18,17,-86.355,40.754
18,39,-85.864,41.601
18,49,-86.265,41.05
18,85,-85.862,41.244
18,99,-86.269,41.325
18,103,-86.044,40.773
18,141,-86.288,41.618
18,169,-85.795,40.844
18,1,-84.936,40.746
18,3,-85.072,41.092
18,33,-85,41.401
18,69,-85.479,40.826
18,87,-85.426,41.642
18,113,-85.417,41.405
18,151,-85.002,41.643
18,179,-85.213,40.735
18,183,-85.502,41.136
18,7,-87.315,40.601
18,73,-87.119,41.018
18,91,-86.745,41.549
18,89,-87.374,41.472
18,111,-87.402,40.962
18,127,-87.071,41.51
18,131,-86.693,41.045
18,149,-86.645,41.284
18,181,-86.864,40.751
18,43,-85.911,38.318
18,61,-86.104,38.186
18,71,-86.043,38.912
18,93,-86.488,38.84
18,105,-86.523,39.161
18,117,-86.489,38.547
18,175,-86.105,38.601
18,19,-85.711,38.476
18,29,-84.973,39.148
18,47,-85.067,39.41
18,77,-85.44,38.784
18,79,-85.628,38.996
18,115,-84.964,38.941
18,137,-85.261,39.1
18,143,-85.752,38.679
18,155,-85.03,38.826
18,27,-87.073,38.695
18,37,-86.873,38.373
18,51,-87.581,38.317
18,55,-87.005,39.047
18,83,-87.42,38.688
18,129,-87.869,38.028
18,147,-87.011,38.01
18,153,-87.416,39.089
18,163,-87.586,38.02
18,173,-87.272,38.098
18,21,-87.116,39.394
18,45,-87.235,40.121
18,107,-86.893,40.04
18,119,-86.839,39.317
18,121,-87.197,39.774
18,133,-86.853,39.666
18,157,-86.894,40.389
18,165,-87.462,39.854
18,167,-87.39,39.429
18,171,-87.376,40.353
19,15,-93.938,42.039
19,49,-94.041,41.685
19,75,-92.79,42.403
19,79,-93.709,42.391
19,83,-93.242,42.39
19,99,-93.054,41.686
19,127,-92.981,42.042
19,153,-93.57,41.684
19,157,-92.523,41.685
19,169,-93.466,42.038
19,171,-92.529,42.075
19,187,-94.176,42.434
19,11,-92.058,42.093
19,31,-91.133,41.772
19,45,-90.534,41.898
19,95,-92.059,41.684
19,97,-90.575,42.164
19,103,-91.589,41.669
19,105,-91.117,42.125
19,113,-91.598,42.078
19,139,-91.119,41.484
19,163,-90.622,41.642
19,23,-92.78,42.735
19,33,-93.251,43.075
19,67,-92.787,43.053
19,69,-93.271,42.737
19,81,-93.744,43.075
19,91,-94.203,42.782
19,109,-94.214,43.212
19,131,-92.784,43.349
19,189,-93.743,43.378
19,195,-93.249,43.373
19,197,-93.735,42.733
19,5,-91.383,43.275
19,13,-92.308,42.472
19,17,-92.328,42.781
19,19,-91.839,42.47
19,37,-92.317,43.06
19,43,-91.324,42.841
19,55,-91.359,42.473
19,61,-90.879,42.463
19,65,-91.839,42.864
19,89,-92.322,43.365
19,191,-91.851,43.293
19,21,-95.141,42.742
19,35,-95.633,42.743
19,41,-95.15,43.08
19,59,-95.196,43.39
19,63,-94.669,43.378
19,119,-96.207,43.384
19,141,-95.626,43.084
19,143,-95.634,43.379
19,147,-94.669,43.075
19,149,-96.216,42.738
19,151,-94.678,42.734
19,167,-96.178,43.083
19,7,-92.873,40.744
19,39,-93.784,41.029
19,53,-93.785,40.736
19,117,-93.331,41.033
19,121,-94.015,41.331
19,125,-93.094,41.331
19,135,-92.87,41.029
19,159,-94.244,40.735
19,175,-94.245,41.029
19,181,-93.564,41.337
19,185,-93.333,40.74
19,51,-92.41,40.748
19,57,-91.187,40.915
19,87,-91.544,40.986
19,101,-91.967,41.007
19,107,-92.168,41.331
19,111,-91.477,40.648
19,115,-91.257,41.218
19,123,-92.636,41.331
19,177,-91.953,40.754
19,179,-92.409,41.031
19,183,-91.725,41.329
19,1,-94.478,41.329
19,3,-94.697,41.022
19,29,-94.933,41.334
19,71,-95.599,40.743
19,137,-95.158,41.022
19,145,-95.144,40.739
19,155,-95.545,41.34
19,9,-94.904,41.679
19,25,-94.644,42.386
19,27,-94.868,42.039
19,47,-95.389,42.043
19,73,-94.389,42.042
19,77,-94.501,41.684
19,85,-95.827,41.689
19,93,-95.507,42.392
19,133,-95.957,42.049
19,161,-95.105,42.388
19,165,-95.309,41.679
19,193,-96.053,42.393
20,9,-98.768,38.481
20,41,-97.158,38.868
20,115,-97.103,38.36
20,113,-97.647,38.396
20,159,-98.201,38.347
20,165,-99.309,38.524
20,169,-97.65,38.786
20,3,-95.292,38.215
20,45,-95.291,38.896
20,59,-95.279,38.558
20,61,-96.768,39.002
20,107,-94.845,38.217
20,111,-96.162,38.455
20,121,-94.833,38.567
20,127,-96.651,38.688
20,139,-95.708,38.648
20,27,-97.169,39.345
20,89,-98.223,39.777
20,141,-98.768,39.348
20,143,-97.655,39.138
20,147,-99.342,39.785
20,157,-97.651,39.829
20,183,-98.785,39.785
20,201,-97.096,39.777
20,5,-95.313,39.533
20,13,-95.57,39.826
20,85,-95.794,39.411
20,87,-95.375,39.24
20,103,-95.039,39.19
20,117,-96.521,39.783
20,131,-96.005,39.791
20,149,-96.337,39.382
20,23,-101.73,39.79
20,39,-100.46,39.784
20,181,-101.72,39.351
20,77,-98.067,37.188
20,79,-97.437,38.05
20,155,-98.078,37.948
20,173,-97.461,37.681
20,191,-97.493,37.237
20,11,-94.851,37.856
20,15,-96.839,37.774
20,19,-96.245,37.154
20,21,-94.846,37.169
20,35,-96.837,37.235
20,49,-96.245,37.456
20,73,-96.242,37.879
20,99,-95.297,37.191
20,125,-95.742,37.19
20,133,-95.316,37.564
20,83,-99.898,38.087
20,119,-100.36,37.244
20,63,-100.49,38.917
20,171,-100.91,38.482
21,11,-83.738,38.152
21,17,-84.21,38.203
21,21,-84.868,37.618
21,49,-84.145,37.97
21,67,-84.458,38.04
21,69,-83.706,38.368
21,73,-84.869,38.235
21,113,-84.584,37.873
21,137,-84.658,37.457
21,151,-84.277,37.724
21,161,-83.828,38.594
21,167,-84.88,37.812
21,181,-84.026,38.337
21,209,-84.579,38.29
21,211,-85.228,38.239
21,215,-85.317,38.025
21,229,-85.175,37.754
21,239,-84.749,38.043
21,1,-85.281,37.106
21,3,-86.192,36.751
21,9,-85.925,36.964
21,27,-86.433,37.778
21,29,-85.703,37.97
21,31,-86.682,37.207
21,45,-84.928,37.322
21,57,-85.394,36.784
21,61,-86.218,37.228
21,85,-86.344,37.459
21,87,-85.561,37.27
21,93,-85.963,37.696
21,99,-85.879,37.316
21,123,-85.697,37.544
21,155,-85.269,37.553
21,163,-86.201,37.967
21,169,-85.634,36.993
21,171,-85.714,36.714
21,179,-85.466,37.803
21,207,-85.055,36.991
21,217,-85.328,37.366
21,227,-86.424,36.996
21,89,-82.934,38.564
21,135,-83.377,38.552
21,199,-84.58,37.108
21,205,-83.428,38.204
21,231,-84.83,36.802
21,33,-87.871,37.149
21,47,-87.493,36.892
21,55,-88.105,37.358
21,59,-87.087,37.732
21,91,-86.793,37.843
21,101,-87.573,37.793
21,141,-86.881,36.86
21,149,-87.266,37.527
21,183,-86.845,37.478
21,213,-86.582,36.741
21,219,-87.184,36.84
21,225,-87.952,37.658
21,233,-87.685,37.519
21,15,-84.731,38.975
21,23,-84.115,38.68
21,81,-84.626,38.649
21,103,-85.12,38.452
21,185,-85.456,38.4
21,187,-84.841,38.5
21,191,-84.352,38.696
21,223,-85.351,38.62
21,7,-89.01,37.051
21,35,-88.274,36.621
21,39,-88.976,36.858
21,75,-89.188,36.553
21,83,-88.65,36.723
21,105,-88.972,36.676
21,143,-88.083,37.024
21,221,-87.859,36.808
1,11,-85.717,32.102
1,51,-86.143,32.597
1,63,-87.964,32.844
1,87,-85.693,32.387
1,101,-86.204,32.204
1,129,-88.198,31.405
1,15,-85.823,33.772
1,95,-86.322,34.31
1,59,-87.843,34.442
1,117,-86.678,33.263
1,127,-87.301,33.792
1,31,-85.99,31.402
1,67,-85.24,31.517
5,29,-92.689,35.266
5,73,-93.612,33.241
5,33,-94.236,35.583
5,47,-93.888,35.509
5,83,-93.721,35.219
5,115,-93.027,35.457
5,149,-93.408,34.998
13,167,-82.664,32.695
13,235,-83.482,32.239
13,31,-81.744,32.393
13,43,-82.071,32.404
13,103,-81.343,32.362
13,107,-82.3,32.591
13,125,-82.607,33.227
13,251,-81.618,32.745
13,119,-83.228,34.375
13,195,-83.204,34.129
13,15,-84.838,34.241
13,115,-85.214,34.264
13,213,-84.738,34.797
13,81,-83.754,31.915
13,93,-83.807,32.152
13,185,-83.269,30.833
13,287,-83.62,31.725
13,315,-83.438,31.963
13,321,-83.85,31.552
13,5,-82.388,31.563
13,183,-81.743,31.75
13,305,-81.912,31.548
13,61,-84.993,31.62
13,201,-84.73,31.163
13,243,-84.752,31.763
13,261,-84.204,32.042
13,171,-84.147,33.074
17,47,-88.048,38.417
17,65,-88.539,38.085
17,165,-88.545,37.752
17,77,-89.381,37.786
18,123,-86.627,38.081
18,101,-86.802,38.705
18,125,-87.233,38.398
19,129,-95.619,41.034
19,173,-94.697,40.738
20,167,-98.771,38.916
20,17,-96.594,38.299
20,31,-95.729,38.236
20,177,-95.756,39.042
20,123,-98.207,39.393
20,163,-99.324,39.346
20,43,-95.147,39.789
20,65,-99.88,39.355
20,137,-99.899,39.784
20,7,-98.685,37.223
20,95,-98.145,37.553
20,145,-99.235,38.181
20,1,-95.301,37.884
20,37,-94.854,37.506
20,205,-95.745,37.559
20,207,-95.758,37.888
20,69,-100.45,37.745
20,81,-100.88,37.555
20,175,-100.85,37.181
21,5,-84.986,38.005
21,79,-84.546,37.63
21,97,-84.334,38.445
21,53,-85.153,36.729
21,65,-83.964,37.692
21,125,-84.119,37.113
21,177,-87.134,37.214
21,157,-88.333,36.882
21,145,-88.712,37.054
1,1,-86.646,32.532
1,91,-87.791,32.248
1,35,-86.989,31.431
1,41,-86.319,31.733
5,119,-92.317,34.774
5,131,-94.275,35.197
13,153,-83.663,32.458
13,75,-83.429,31.153
13,177,-84.147,31.818
13,151,-84.154,33.453
17,93,-88.431,41.588
17,181,-89.245,37.486
20,105,-98.214,39.047
20,197,-96.201,38.955
20,29,-97.641,39.487
20,161,-96.727,39.291
20,193,-101.08,39.358
20,97,-99.287,37.561
20,151,-98.74,37.648
20,185,-98.72,38.036
20,57,-99.885,37.688
20,189,-101.32,37.201
21,111,-85.658,38.19
21,107,-87.542,37.311
21,41,-85.124,38.668
1,75,-88.087,33.787
13,209,-82.533,32.172
13,303,-82.798,32.972
13,233,-85.188,33.996
18,13,-86.24,39.193
18,25,-86.441,38.289
20,91,-94.822,38.884
20,153,-101.08,39.786
20,179,-100.44,39.351
20,47,-99.305,37.884
20,55,-100.74,38.05
21,197,-83.82,37.801
21,203,-84.314,37.361
21,139,-88.363,37.21
5,81,-94.23,33.699
13,313,-84.969,34.802
13,155,-83.277,31.604
17,3,-89.35,37.184
20,51,-99.317,38.915
20,53,-98.205,38.701
20,101,-100.47,38.481
21,77,-84.862,38.76
1,107,-88.097,33.297
5,91,-93.902,33.306
13,309,-82.734,32.105
13,173,-83.063,31.038
20,209,-94.763,39.115
20,195,-99.865,38.921
20,203,-101.35,38.482
1,97,-88.197,30.685
13,37,-84.626,31.521
20,33,-99.251,37.181
5,45,-92.325,35.146
5,71,-93.466,35.573
12,79,-83.47,30.447
12,33,-87.339,30.612
12,59,-85.813,30.866
12,113,-87.013,30.702
21,173,-83.912,38.038
1,93,-87.882,34.138
12,63,-85.209,30.789
13,17,-83.147,31.741
17,31,-87.645,41.894
17,43,-88.086,41.852
20,25,-99.814,37.234
20,71,-101.81,38.48
20,109,-101.16,38.913
20,135,-99.909,38.48
12,121,-82.993,30.189
12,13,-85.198,30.389
12,39,-84.613,30.579
12,65,-83.891,30.425
12,133,-85.663,30.602
13,21,-83.694,32.809
13,283,-82.571,32.41
13,301,-82.688,33.419
13,29,-81.439,32.018
13,95,-84.209,31.533
13,307,-84.554,32.047
13,249,-84.323,32.263
20,67,-101.3,37.548
20,93,-101.31,37.994
5,19,-93.176,34.053
13,3,-82.878,31.297
20,199,-101.77,38.927
22,9,-91.994,31.085
22,25,-91.847,31.667
22,29,-91.626,31.47
22,39,-92.404,30.721
22,43,-92.562,31.598
22,77,-91.605,30.708
22,79,-92.536,31.193
22,97,-91.989,30.583
22,117,-90.046,30.852
22,73,-92.155,32.478
22,35,-91.234,32.73
22,41,-91.672,32.139
22,65,-91.242,32.341
22,67,-91.8,32.82
22,83,-91.748,32.413
22,107,-91.343,32.001
22,123,-91.452,32.792
22,15,-93.616,32.696
22,17,-93.882,32.577
22,45,-91.843,29.606
22,47,-91.366,30.271
22,99,-91.611,30.121
22,101,-91.464,29.629
22,93,-90.794,30.025
22,1,-92.411,30.291
22,3,-92.82,30.653
22,19,-93.358,30.23
22,53,-92.816,30.27
22,113,-92.292,29.79
22,69,-93.083,31.733
24,19,-76.047,38.429
24,39,-75.853,38.074
24,45,-75.632,38.367
24,47,-75.31,38.222
24,5,-76.617,39.443
24,13,-77.015,39.563
24,21,-77.398,39.47
24,25,-76.3,39.537
24,31,-77.203,39.137
24,3,-76.56,38.994
24,9,-76.529,38.523
24,17,-77.015,38.473
24,33,-76.847,38.826
24,37,-76.53,38.22
24,11,-75.832,38.872
24,29,-76.126,39.241
24,35,-76.082,39.041
26,51,-84.39,43.99
26,57,-84.605,43.292
26,73,-84.839,43.645
26,107,-85.333,43.635
26,111,-84.379,43.648
26,117,-85.149,43.313
26,11,-83.741,44.037
26,17,-83.979,43.7
26,63,-82.857,43.908
26,145,-84.055,43.328
26,151,-82.643,43.449
26,157,-83.437,43.488
26,15,-85.315,42.583
26,23,-85.067,41.918
26,25,-85.012,42.243
26,37,-84.592,42.95
26,45,-84.847,42.59
26,59,-84.642,41.864
26,65,-84.374,42.604
26,67,-85.074,42.945
26,75,-84.421,42.248
26,155,-84.146,42.952
26,149,-85.523,41.911
26,49,-83.706,43.021
26,87,-83.224,43.089
26,91,-84.074,41.896
26,93,-83.912,42.603
26,99,-82.911,42.671
26,115,-83.487,41.916
26,125,-83.384,42.66
26,147,-82.669,42.929
26,161,-83.845,42.252
26,163,-83.262,42.285
26,5,-86.635,42.596
26,27,-86,41.917
26,77,-85.533,42.246
26,81,-85.547,43.032
26,105,-86.751,43.997
26,121,-86.752,43.289
26,123,-85.791,43.563
27,9,-94.001,45.701
27,19,-93.8,44.821
27,67,-95.005,45.153
27,85,-94.272,44.822
27,93,-94.527,45.123
27,97,-94.267,46.02
27,129,-94.956,44.724
27,139,-93.534,44.652
27,143,-94.23,44.576
27,145,-94.61,45.555
27,153,-94.901,46.067
27,171,-93.966,45.175
27,1,-93.42,46.602
27,3,-93.243,45.274
27,25,-92.904,45.505
27,53,-93.475,45.006
27,59,-93.296,45.562
27,95,-93.633,45.929
27,115,-92.763,46.101
27,163,-92.89,45.038
27,27,-96.495,46.898
27,69,-96.78,48.776
27,87,-95.811,47.328
27,89,-96.358,48.363
27,107,-96.464,47.329
27,113,-96.038,48.069
27,119,-96.4,47.774
27,125,-96.087,47.865
27,135,-95.822,48.761
27,13,-94.064,44.034
27,15,-94.734,44.247
27,43,-93.947,43.677
27,47,-93.35,43.674
27,79,-93.73,44.373
27,91,-94.537,43.677
27,103,-94.246,44.359
27,131,-93.299,44.351
27,147,-93.22,44.015
27,161,-93.59,44.018
27,165,-94.614,43.978
27,37,-93.062,44.671
27,39,-92.869,44.021
27,45,-92.094,43.679
27,49,-92.716,44.406
27,99,-92.76,43.666
27,109,-92.407,44.003
27,169,-91.777,43.982
27,33,-95.183,44.011
27,63,-95.15,43.671
27,83,-95.847,44.409
27,101,-95.762,44.016
27,105,-95.763,43.678
27,127,-95.254,44.404
27,133,-96.263,43.67
27,11,-96.402,45.42
27,23,-95.564,45.029
27,41,-95.462,45.937
27,51,-96.011,45.931
27,73,-96.177,45
27,111,-95.715,46.406
27,121,-95.447,45.59
27,149,-95.992,45.593
27,151,-95.69,45.276
27,155,-96.475,45.77
27,167,-96.477,46.362
27,173,-95.863,44.716
28,7,-89.589,33.09
28,15,-89.919,33.441
28,51,-90.091,33.126
28,89,-90.034,32.634
28,97,-89.64,33.501
28,121,-89.946,32.267
28,123,-89.533,32.427
28,155,-89.284,33.612
28,17,-88.946,33.922
28,25,-88.783,33.662
28,87,-88.44,33.471
28,95,-88.485,33.89
28,103,-88.566,33.107
28,53,-90.523,33.131
28,55,-91.004,32.756
28,83,-90.295,33.55
28,125,-90.828,32.892
28,133,-90.595,33.606
28,151,-90.944,33.273
28,163,-90.388,32.766
28,9,-89.2,34.811
28,13,-89.337,33.937
28,33,-89.993,34.874
28,43,-89.803,33.77
28,71,-89.486,34.349
28,93,-89.504,34.766
28,107,-89.963,34.365
28,137,-89.943,34.65
28,161,-89.704,34.031
28,3,-88.581,34.887
28,57,-88.363,34.281
28,81,-88.682,34.292
28,115,-89.037,34.227
28,117,-88.522,34.621
28,139,-88.919,34.764
28,141,-88.236,34.738
28,145,-89.002,34.49
28,129,-89.495,32.019
28,147,-90.103,31.164
28,101,-89.118,32.402
28,49,-90.466,32.268
28,63,-91.044,31.734
28,149,-90.852,32.356
28,11,-90.884,33.799
28,27,-90.603,34.229
28,119,-90.29,34.253
28,135,-90.172,33.955
28,143,-90.372,34.652
29,19,-92.31,38.99
29,51,-92.28,38.503
29,59,-93.034,37.684
29,105,-92.595,37.66
29,125,-91.924,38.163
29,131,-92.43,38.217
29,141,-92.875,38.421
29,151,-91.86,38.464
29,159,-93.285,38.727
29,167,-93.401,37.617
29,195,-93.204,39.136
29,55,-91.314,37.967
29,71,-91.073,38.408
29,73,-91.506,38.441
29,99,-90.544,38.258
29,157,-89.802,37.711
29,183,-90.675,38.781
29,187,-90.474,37.811
29,186,-90.162,37.886
29,33,-93.5,39.427
29,41,-92.962,39.518
29,117,-93.548,39.779
29,171,-93.015,40.479
29,211,-93.11,40.21
29,7,-91.843,39.214
29,111,-91.729,40.085
29,173,-91.525,39.553
29,21,-94.808,39.66
29,25,-93.979,39.659
29,49,-94.396,39.609
29,61,-93.97,39.963
29,147,-94.883,40.361
29,165,-94.761,39.379
29,227,-94.419,40.48
29,223,-90.452,37.112
29,225,-92.876,37.281
29,31,-89.686,37.384
29,69,-90.062,36.153
29,143,-89.656,36.594
29,155,-89.786,36.21
29,201,-89.568,37.048
29,207,-89.947,36.852
29,9,-93.834,36.699
29,11,-94.344,37.501
29,57,-93.855,37.432
29,77,-93.341,37.258
29,97,-94.337,37.205
29,109,-93.831,37.107
29,145,-94.335,36.908
29,13,-94.339,38.257
29,37,-94.354,38.647
29,101,-93.812,38.742
29,107,-93.803,39.069
29,217,-94.342,37.85
31,19,-99.075,40.855
31,41,-99.727,41.394
31,47,-99.815,40.867
31,77,-98.531,41.568
31,79,-98.503,40.866
31,93,-98.513,41.217
31,23,-97.132,41.226
31,25,-96.141,40.91
31,37,-97.089,41.575
31,53,-96.646,41.577
31,55,-96.154,41.297
31,81,-98.022,40.873
31,109,-96.689,40.784
31,121,-98.031,41.17
31,125,-97.991,41.402
31,141,-97.513,41.577
31,143,-97.571,41.188
31,155,-96.641,41.223
31,159,-97.14,40.872
31,185,-97.597,40.873
31,15,-98.773,42.894
31,71,-98.951,41.907
31,89,-98.785,42.459
31,103,-99.718,42.875
31,115,-99.51,41.898
31,3,-98.058,42.183
31,11,-98.07,41.704
31,21,-96.338,41.854
31,27,-97.257,42.605
31,39,-96.789,41.916
31,51,-96.856,42.485
31,107,-97.891,42.634
31,119,-97.607,41.91
31,139,-97.611,42.271
31,167,-97.177,41.905
31,179,-97.126,42.211
31,33,-103.01,41.214
31,1,-98.5,40.521
31,61,-98.962,40.183
31,65,-99.91,40.192
31,73,-99.823,40.509
31,83,-99.403,40.179
31,99,-98.948,40.509
31,137,-99.407,40.516
31,181,-98.499,40.181
31,35,-98.051,40.524
31,59,-97.597,40.525
31,67,-96.683,40.255
31,95,-97.143,40.176
31,97,-96.265,40.395
31,127,-95.853,40.385
31,129,-98.047,40.176
31,131,-96.131,40.638
31,133,-96.245,40.138
31,147,-95.719,40.124
31,151,-97.132,40.517
31,169,-97.596,40.174
31,63,-100.41,40.531
31,101,-101.64,41.194
31,111,-100.74,41.05
31,135,-101.63,40.858
31,145,-100.47,40.169
34,5,-74.663,39.876
34,23,-74.408,40.44
34,25,-74.152,40.287
34,19,-74.912,40.565
34,35,-74.62,40.566
34,41,-75.01,40.854
34,11,-75.122,39.328
34,33,-75.357,39.574
36,11,-76.575,43.009
36,43,-74.841,43.571
36,53,-75.664,42.91
36,65,-75.434,43.243
36,67,-76.196,43.007
36,77,-75.029,42.63
36,45,-76.053,43.997
36,49,-75.444,43.783
36,89,-75.074,44.488
36,21,-73.627,42.248
36,15,-76.747,42.155
36,109,-76.473,42.453
36,3,-78.026,42.248
36,9,-78.662,42.239
36,13,-79.408,42.304
36,101,-77.386,42.267
36,29,-78.778,42.753
36,37,-78.193,43.001
36,51,-77.77,42.727
36,55,-77.665,43.464
36,63,-78.792,43.457
36,69,-77.303,42.857
36,73,-78.23,43.502
36,99,-76.827,42.782
36,117,-77.063,43.459
36,121,-78.229,42.701
36,123,-77.104,42.638
37,13,-76.842,35.482
37,49,-77.083,35.118
37,79,-77.682,35.482
37,95,-76.154,35.408
37,101,-78.367,35.513
37,103,-77.356,35.032
37,107,-77.636,35.24
37,147,-77.373,35.593
37,191,-78.009,35.354
37,195,-77.922,35.7
37,35,-81.213,35.66
37,57,-80.207,35.795
37,59,-80.543,35.929
37,97,-80.875,35.806
37,105,-79.172,35.476
37,151,-79.806,35.71
37,159,-80.522,35.641
37,183,-78.651,35.79
37,15,-76.962,36.059
37,29,-76.162,36.342
37,41,-76.603,36.129
37,53,-75.941,36.372
37,65,-77.603,35.917
37,73,-76.702,36.442
37,83,-77.645,36.251
37,91,-76.982,36.364
37,117,-77.113,35.841
37,127,-77.988,35.966
37,131,-77.398,36.422
37,143,-76.403,36.181
37,187,-76.572,35.845
37,197,-80.665,36.159
37,1,-79.401,36.044
37,33,-79.34,36.394
37,67,-80.257,36.132
37,69,-78.283,36.088
37,77,-78.658,36.3
37,135,-79.119,36.062
37,145,-78.966,36.386
37,157,-79.783,36.382
37,169,-80.266,36.394
37,181,-78.405,36.365
37,185,-78.1,36.398
37,17,-78.539,34.592
37,47,-78.639,34.262
37,51,-78.829,35.05
37,61,-77.934,34.934
37,85,-78.872,35.369
37,133,-77.499,34.763
37,155,-79.101,34.639
37,163,-78.371,34.991
37,165,-79.477,34.84
37,7,-80.11,34.975
37,25,-80.553,35.388
37,45,-81.557,35.335
37,109,-81.227,35.489
37,123,-79.907,35.334
37,125,-79.493,35.308
37,153,-79.756,35.005
37,167,-80.254,35.31
37,179,-80.531,34.992
37,161,-81.92,35.403
38,27,-98.9,47.723
38,31,-98.873,47.471
38,43,-99.731,46.938
38,83,-100.33,47.581
38,93,-98.956,46.972
38,103,-99.682,47.581
38,3,-98.07,46.943
38,17,-97.252,46.927
38,39,-98.232,47.456
38,91,-97.719,47.451
38,97,-97.165,47.446
38,5,-99.351,48.072
38,9,-100.83,48.794
38,49,-100.63,48.234
38,69,-99.966,48.239
38,79,-99.84,48.768
38,19,-98.464,48.768
38,35,-97.451,47.926
38,63,-98.204,47.919
38,67,-97.545,48.767
38,71,-98.739,48.266
38,95,-99.248,48.682
38,99,-97.722,48.377
38,61,-102.36,48.21
38,75,-101.66,48.713
38,101,-101.54,48.217
38,29,-100.24,46.284
38,21,-98.497,46.108
38,45,-98.526,46.464
38,73,-97.648,46.449
38,77,-96.938,46.265
38,81,-97.63,46.108
39,41,-83.007,40.279
39,45,-82.628,39.753
39,47,-83.462,39.555
39,49,-83.007,39.969
39,83,-82.422,40.404
39,89,-82.481,40.094
39,97,-83.401,39.897
39,101,-83.169,40.588
39,117,-82.798,40.525
39,129,-83.053,39.649
39,141,-83.06,39.324
39,159,-83.367,40.296
39,19,-81.091,40.58
39,31,-81.93,40.297
39,67,-81.092,40.292
39,75,-81.93,40.565
39,157,-81.471,40.447
39,5,-82.27,40.843
39,33,-82.925,40.849
39,43,-82.526,41.554
39,77,-82.595,41.145
39,93,-82.18,41.439
39,123,-83.013,41.545
39,139,-82.543,40.774
39,143,-83.143,41.355
39,147,-83.128,41.12
39,175,-83.314,40.84
39,7,-80.746,41.907
39,29,-80.778,40.77
39,55,-81.174,41.499
39,99,-80.77,41.011
39,103,-81.9,41.116
39,133,-81.197,41.169
39,151,-81.366,40.814
39,155,-80.769,41.306
39,169,-81.887,40.83
39,3,-84.106,40.772
39,39,-84.486,41.322
39,51,-84.124,41.597
39,63,-83.666,41
39,69,-84.069,41.332
39,95,-83.469,41.682
39,125,-84.582,41.119
39,137,-84.13,41.025
39,161,-84.586,40.856
39,171,-84.584,41.565
39,173,-83.623,41.36
39,1,-83.478,38.834
39,15,-83.867,38.931
39,53,-82.302,38.817
39,71,-83.601,39.184
39,79,-82.614,39.013
39,87,-82.517,38.604
39,131,-83.053,39.071
39,145,-82.999,38.815
39,9,-82.046,39.333
39,73,-82.483,39.49
39,119,-81.944,39.966
39,163,-82.486,39.252
39,167,-81.491,39.451
39,17,-84.566,39.44
39,25,-84.15,39.052
39,27,-83.795,39.429
39,57,-83.895,39.687
39,61,-84.544,39.197
39,113,-84.291,39.754
39,135,-84.645,39.739
39,165,-84.17,39.426
39,11,-84.224,40.561
39,21,-83.768,40.133
39,23,-83.784,39.917
39,37,-84.621,40.132
39,65,-83.664,40.66
39,91,-83.766,40.388
39,107,-84.632,40.535
39,109,-84.228,40.053
39,149,-84.204,40.337
40,17,-97.98,35.543
40,51,-97.887,35.021
40,73,-97.935,35.949
40,81,-96.881,35.703
40,109,-97.409,35.555
40,119,-96.975,36.079
40,91,-95.672,35.369
40,101,-95.384,35.618
40,135,-94.751,35.502
40,3,-98.323,36.73
40,47,-97.788,36.378
40,71,-97.144,36.815
40,103,-97.236,36.385
40,35,-95.202,36.764
40,41,-94.808,36.393
40,97,-95.236,36.304
40,105,-95.613,36.79
40,113,-96.408,36.624
40,115,-94.803,36.836
40,117,-96.697,36.314
40,131,-95.601,36.378
40,143,-95.942,36.12
40,145,-95.514,35.963
40,147,-95.906,36.704
42,13,-78.311,40.498
42,21,-78.71,40.51
42,27,-77.848,40.909
42,37,-76.404,41.046
42,43,-76.793,40.413
42,61,-77.969,40.422
42,67,-77.4,40.531
42,87,-77.652,40.602
42,93,-76.665,41.029
42,99,-77.266,40.398
42,109,-77.073,40.755
42,119,-77.055,40.962
42,77,-75.591,40.614
42,95,-75.307,40.753
42,107,-76.218,40.704
42,39,-80.108,41.688
42,49,-80.096,42.118
42,85,-80.253,41.3
42,1,-77.218,39.869
42,55,-77.724,39.927
42,57,-78.123,39.911
42,133,-76.729,39.922
42,11,-75.927,40.414
42,17,-75.107,40.337
42,29,-75.75,39.974
42,71,-76.25,40.042
42,75,-76.465,40.372
42,51,-79.64,39.919
42,111,-79.028,39.981
42,125,-80.252,40.2
42,129,-79.467,40.311
42,5,-79.464,40.812
42,7,-80.351,40.684
42,19,-79.919,40.914
42,31,-79.42,41.198
42,63,-79.088,40.651
42,65,-79.012,41.138
42,73,-80.334,40.993
45,17,-80.78,33.675
45,27,-80.218,33.665
45,61,-80.251,34.159
45,63,-81.273,33.893
45,75,-80.803,33.436
45,79,-80.897,34.03
45,85,-80.382,33.916
45,25,-80.159,34.637
45,31,-79.962,34.332
45,33,-79.375,34.39
45,41,-79.71,34.029
45,43,-79.296,33.418
45,51,-78.977,33.909
45,67,-79.354,34.084
45,69,-79.678,34.602
45,89,-79.716,33.626
45,55,-80.591,34.338
45,91,-81.183,34.97
45,7,-82.639,34.521
45,73,-83.062,34.749
45,83,-81.991,34.933
45,5,-81.363,32.98
45,9,-81.053,33.203
45,11,-81.434,33.261
45,29,-80.655,32.835
45,35,-80.405,33.082
45,3,-81.633,33.55
45,37,-81.968,33.776
45,71,-81.6,34.29
46,3,-98.578,43.725
46,5,-98.279,44.418
46,15,-99.093,43.73
46,59,-99.005,44.547
46,73,-98.623,44.063
46,119,-100.13,44.722
46,11,-96.798,44.377
46,79,-97.123,44.028
46,87,-97.362,43.679
46,99,-96.796,43.667
46,101,-96.676,44.012
46,111,-98.092,44.021
46,13,-98.352,45.589
46,21,-100,45.786
46,49,-99.154,45.065
46,107,-99.962,45.053
46,115,-98.34,44.924
46,29,-97.199,44.966
46,37,-97.581,45.355
46,51,-96.772,45.173
46,57,-97.179,44.681
46,91,-97.581,45.737
46,109,-96.948,45.623
46,19,-103.5,44.896
46,31,-101.18,45.686
46,85,-99.842,43.895
46,23,-98.595,43.206
46,27,-96.98,42.916
46,67,-97.749,43.337
46,83,-96.722,43.279
46,125,-97.15,43.309
46,127,-96.651,42.831
46,135,-97.388,43.007
22,125,-91.421,30.873
22,7,-91.052,29.899
22,55,-92.064,30.207
24,43,-77.815,39.604
24,15,-75.942,39.562
24,41,-76.178,38.748
26,35,-84.838,43.991
26,133,-85.322,43.998
26,69,-82.849,44.329
26,119,-84.13,45.024
26,129,-84.128,44.333
26,137,-84.577,45.022
26,141,-83.384,45.49
26,9,-85.176,45.005
26,21,-86.742,41.793
26,139,-86.655,42.942
26,159,-86.306,42.282
27,35,-94.071,46.492
27,65,-93.298,45.948
27,5,-95.742,46.938
27,55,-91.502,43.667
27,157,-92.233,44.29
27,81,-96.272,44.408
27,117,-96.257,44.015
28,21,-90.915,31.973
29,53,-92.812,38.845
29,85,-93.323,37.937
29,113,-90.963,39.062
29,139,-91.465,38.935
29,189,-90.446,38.641
29,219,-91.159,38.762
29,1,-92.604,40.191
29,79,-93.565,40.113
29,115,-93.108,39.864
29,103,-92.147,40.137
29,127,-91.635,39.808
29,137,-92.006,39.498
29,163,-91.172,39.34
29,199,-92.143,40.448
29,205,-92.089,39.798
29,3,-94.804,39.989
29,5,-95.438,40.432
29,47,-94.422,39.316
29,87,-95.219,40.096
29,123,-90.345,37.473
29,181,-90.867,36.649
29,23,-90.403,36.715
29,133,-89.296,36.826
29,43,-93.188,36.97
29,83,-93.793,38.386
29,95,-94.343,39.005
29,185,-93.773,38.039
31,153,-96.109,41.115
31,177,-96.225,41.534
31,17,-99.924,42.36
31,149,-99.421,42.395
31,183,-98.521,41.923
31,43,-96.561,42.392
31,173,-96.534,42.154
31,69,-102.3,41.633
31,29,-101.69,40.53
31,57,-101.68,40.18
31,85,-101.05,40.537
34,21,-74.704,40.283
34,15,-75.146,39.723
36,17,-75.602,42.478
36,23,-76.076,42.594
36,75,-76.209,43.461
37,137,-76.665,35.148
37,3,-81.177,35.921
37,37,-79.251,35.705
37,139,-76.261,36.265
37,177,-76.165,35.87
37,171,-80.686,36.415
37,193,-81.166,36.209
37,81,-79.789,36.079
37,19,-78.228,34.039
37,93,-79.242,35.017
37,71,-81.177,35.293
37,23,-81.706,35.746
38,23,-103.51,48.815
38,105,-103.5,48.356
38,55,-101.42,47.653
38,65,-101.33,47.118
39,59,-81.498,40.057
39,105,-82.028,39.09
39,127,-82.238,39.743
40,37,-96.38,35.908
40,87,-97.45,35.016
40,111,-95.965,35.647
40,53,-97.788,36.788
40,13,-96.264,33.964
40,49,-97.313,34.709
40,15,-98.381,35.168
42,89,-75.329,41.056
42,15,-76.502,41.791
42,35,-77.649,41.245
42,81,-77.055,41.344
42,105,-77.894,41.749
42,117,-77.257,41.767
42,131,-76.009,41.525
42,123,-79.313,41.844
42,9,-78.495,39.999
42,41,-77.263,40.165
45,23,-81.161,34.689
45,15,-79.954,33.208
45,49,-81.144,32.778
46,65,-99.976,44.384
46,35,-98.156,43.68
46,61,-97.797,43.681
46,77,-97.499,44.363
46,45,-99.205,45.412
46,129,-100.03,45.428
46,25,-97.725,44.855
46,39,-96.69,44.756
46,123,-99.876,43.35
46,9,-97.884,42.986
46,43,-98.358,43.392
24,27,-76.924,39.252
27,141,-93.769,45.453
27,159,-94.989,46.587
27,29,-95.371,47.576
29,89,-92.696,39.143
29,135,-92.584,38.633
29,121,-92.564,39.83
29,175,-92.493,39.439
29,197,-92.519,40.469
29,45,-91.729,40.407
29,63,-94.407,39.895
29,17,-90.025,37.318
29,39,-93.85,37.734
31,163,-98.973,41.219
31,113,-100.44,41.542
31,87,-101.04,40.177
37,119,-80.834,35.247
38,47,-99.505,46.469
38,53,-103.4,47.742
39,153,-81.535,41.122
42,33,-78.474,41
42,97,-76.71,40.852
42,25,-75.705,40.918
42,121,-79.754,41.402
45,57,-80.704,34.687
46,69,-99.492,44.537
46,89,-99.211,45.784
22,121,-91.31,30.464
22,21,-92.114,32.101
22,81,-93.349,32.101
22,11,-93.34,30.645
22,23,-93.165,29.872
26,7,-83.427,44.895
29,15,-93.288,38.301
29,27,-91.923,38.836
29,169,-92.207,37.825
29,129,-93.568,40.421
29,75,-94.405,40.208
29,81,-93.993,40.346
29,177,-93.996,39.308
31,175,-98.983,41.564
36,57,-74.435,42.901
36,91,-73.855,43.106
36,107,-76.297,42.178
37,89,-82.48,35.336
38,15,-100.46,46.972
38,59,-101.3,46.711
39,115,-81.862,39.625
40,83,-97.451,35.914
40,125,-96.957,35.211
40,93,-98.542,36.313
40,23,-95.554,34.028
40,79,-94.695,34.897
40,89,-94.766,34.117
42,79,-75.976,41.173
45,21,-81.608,35.05
46,17,-99.204,44.044
46,97,-97.608,44.022
46,137,-101.66,44.99
46,53,-99.202,43.179
28,31,-89.549,31.633
28,77,-90.108,31.55
28,1,-91.352,31.486
36,115,-73.439,43.312
37,31,-76.527,34.858
37,27,-81.53,35.958
38,37,-101.64,46.358
38,51,-99.443,46.117
46,105,-102.47,45.483
26,127,-86.808,43.647
37,63,-78.878,36.034
40,107,-96.328,35.467
40,29,-96.288,34.583
40,11,-98.429,35.878
46,103,-102.82,44.002
46,117,-100.75,44.416
26,55,-85.554,44.719
31,31,-101.05,42.571
36,97,-76.939,42.42
40,39,-98.997,35.646
40,149,-98.991,35.289
46,121,-100.71,43.209
29,161,-91.79,37.866
40,27,-97.323,35.206
22,31,-93.741,32.059
26,29,-85.45,45.513
36,27,-73.74,41.755
40,61,-95.11,35.232
40,63,-96.251,35.053
40,139,-101.48,36.746
40,75,-98.982,34.921
42,91,-75.37,40.21
45,81,-81.728,34.005
22,37,-91.043,30.84
36,19,-73.706,44.753
36,7,-75.83,42.162
37,55,-75.768,35.606
37,129,-77.87,34.178
37,141,-77.888,34.513
40,7,-100.48,36.748
45,45,-82.372,34.893
27,57,-94.913,47.096
27,77,-94.905,48.768
28,157,-91.325,31.161
36,83,-73.514,42.71
36,31,-73.778,44.11
36,33,-74.311,44.594
36,25,-74.967,42.194
37,39,-84.061,35.136
37,149,-82.168,35.278
40,121,-95.748,34.926
40,43,-99.014,35.978
42,103,-75.032,41.326
46,71,-101.63,43.678
31,49,-102.33,41.112
37,43,-83.752,35.053
40,33,-98.373,34.291
40,141,-98.932,34.371
42,3,-79.98,40.47
45,53,-81.022,32.431
46,95,-100.76,43.585
46,7,-101.68,43.187
46,33,-103.46,43.685
46,55,-101.6,44.283
46,93,-102.71,44.605
27,21,-94.334,46.952
27,71,-93.783,48.245
36,1,-73.974,42.588
40,65,-99.412,34.594
47,3,-86.458,35.514
47,15,-86.062,35.808
47,27,-85.546,36.546
47,41,-85.835,35.986
47,55,-87.035,35.203
47,87,-85.674,36.354
47,103,-86.593,35.143
47,111,-86.001,36.538
47,117,-86.766,35.468
47,119,-87.078,35.616
47,149,-86.417,35.843
47,159,-85.942,36.256
47,165,-86.46,36.473
47,187,-86.898,35.895
47,189,-86.29,36.148
47,7,-85.206,35.594
47,31,-86.078,35.489
47,49,-84.938,36.37
47,51,-86.099,35.156
47,115,-85.618,35.133
47,133,-85.283,36.345
47,141,-85.496,36.141
47,153,-85.41,35.372
47,175,-85.458,35.699
47,185,-85.456,35.927
47,45,-89.398,36.054
47,97,-89.628,35.763
47,131,-89.15,36.358
47,167,-89.767,35.5
47,9,-83.923,35.688
47,11,-84.859,35.154
47,59,-82.847,36.18
47,89,-83.441,36.048
47,121,-84.824,35.503
47,179,-82.495,36.296
47,5,-88.071,36.069
47,17,-88.452,35.966
47,23,-88.611,35.42
47,33,-89.132,35.819
47,39,-88.11,35.603
47,47,-89.414,35.197
47,53,-88.934,35.992
47,69,-88.989,35.219
47,71,-88.186,35.202
47,75,-89.283,35.587
47,77,-88.388,35.654
47,79,-88.3,36.325
47,113,-88.833,35.606
47,109,-88.564,35.175
47,183,-88.721,36.303
47,21,-87.101,36.255
47,43,-87.364,36.146
47,85,-87.79,36.041
47,99,-87.397,35.22
47,125,-87.381,36.5
47,147,-86.869,36.528
47,181,-87.82,35.243
48,147,-96.105,33.591
48,277,-95.57,33.667
48,39,-95.435,29.168
48,291,-94.844,30.158
48,481,-96.23,29.278
51,7,-77.977,37.332
51,11,-78.811,37.371
51,19,-79.528,37.312
51,31,-79.095,37.21
51,33,-77.352,38.03
51,41,-77.586,37.378
51,109,-77.96,37.973
51,147,-78.433,37.225
51,177,-77.657,38.184
51,1,-75.758,37.766
51,36,-77.054,37.361
51,57,-76.942,37.939
51,73,-76.524,37.404
51,97,-76.902,37.714
51,131,-75.924,37.303
51,133,-76.38,37.857
51,159,-76.731,37.943
51,193,-76.804,38.109
51,47,-77.956,38.486
51,61,-77.821,38.744
51,69,-78.264,39.204
51,107,-77.639,39.081
51,113,-78.277,38.412
51,139,-78.492,38.623
51,157,-78.169,38.685
51,165,-78.885,38.508
51,171,-78.574,38.856
51,179,-77.455,38.415
51,25,-77.861,36.764
51,550,-76.302,36.679
51,81,-77.56,36.68
51,149,-77.221,37.187
51,181,-76.88,37.12
51,810,-76.024,36.779
51,37,-78.659,37.009
51,83,-78.94,36.766
51,111,-78.242,36.946
51,135,-78.054,37.141
51,143,-79.399,36.822
54,3,-78.038,39.448
54,37,-77.863,39.307
54,77,-79.669,39.469
55,1,-89.767,43.974
55,47,-88.987,43.761
55,57,-90.114,43.933
55,135,-88.967,44.478
55,137,-89.24,44.113
55,141,-90.039,44.461
55,9,-87.996,44.474
55,15,-88.212,44.078
55,29,-87.088,45.068
55,39,-88.493,43.755
55,61,-87.162,44.501
55,71,-87.314,44.105
55,87,-88.465,44.418
55,117,-87.731,43.746
55,139,-88.668,44.086
55,19,-90.61,44.739
55,73,-89.758,44.898
55,99,-90.36,45.679
55,119,-90.505,45.212
55,75,-87.991,45.347
55,83,-88.207,44.997
55,115,-88.756,44.79
55,5,-91.853,45.437
55,13,-92.376,45.867
55,17,-91.284,45.069
55,95,-92.454,45.469
55,107,-91.137,45.473
55,21,-89.33,43.472
55,25,-89.418,43.067
55,27,-88.704,43.423
55,45,-89.605,42.676
55,55,-88.774,43.014
55,105,-89.075,42.67
55,59,-87.425,42.58
55,79,-87.482,43.018
55,89,-87.497,43.361
55,101,-87.415,42.754
55,127,-88.542,42.668
55,131,-88.233,43.391
55,133,-88.307,43.019
55,23,-90.951,43.25
55,43,-90.694,42.87
55,49,-90.134,43.001
55,65,-90.13,42.656
55,103,-90.436,43.376
55,111,-89.943,43.428
55,123,-90.822,43.599
55,11,-91.761,44.386
55,33,-91.898,44.948
55,35,-91.286,44.726
55,53,-90.796,44.327
55,63,-91.112,43.908
55,81,-90.62,43.945
55,93,-92.426,44.725
55,109,-92.447,45.029
47,169,-86.157,36.393
47,137,-85.076,36.559
47,73,-82.931,36.452
47,107,-84.62,35.424
47,123,-84.25,35.448
47,139,-84.541,35.109
47,155,-83.516,35.802
47,81,-87.467,35.802
47,161,-87.852,36.512
48,119,-95.673,33.386
48,331,-96.984,30.791
48,65,-101.36,35.405
48,341,-101.89,35.836
48,51,-96.622,30.493
48,89,-96.509,29.596
48,157,-95.771,29.527
48,239,-96.589,28.96
48,321,-96.002,28.775
48,469,-96.971,28.796
51,49,-78.253,37.52
51,75,-77.918,37.719
51,85,-77.491,37.76
51,87,-77.3,37.438
51,137,-78.01,38.25
51,145,-77.913,37.549
51,99,-77.163,38.277
51,101,-77.091,37.708
51,119,-76.528,37.607
51,127,-76.983,37.503
51,43,-77.991,39.115
51,93,-76.708,36.901
51,117,-78.369,36.687
51,183,-77.26,36.927
51,67,-79.883,36.991
51,163,-79.448,37.815
54,31,-78.842,39.011
55,77,-89.409,43.826
55,97,-89.498,44.476
55,69,-89.742,45.338
55,113,-91.147,45.865
55,129,-91.796,45.892
55,121,-91.359,44.303
47,177,-85.777,35.678
47,95,-89.486,36.334
47,29,-83.119,35.916
47,63,-83.266,36.218
48,231,-96.084,33.123
51,115,-76.269,37.425
51,153,-77.48,38.701
51,53,-77.635,37.073
51,175,-77.104,36.72
55,91,-91.835,44.627
47,61,-85.71,35.393
47,157,-89.895,35.184
47,105,-84.316,35.737
48,145,-96.934,31.252
48,257,-96.288,32.599
47,135,-87.869,35.664
48,139,-96.797,32.347
48,357,-100.82,36.279
51,800,-76.635,36.697
55,7,-91.177,46.634
48,97,-97.21,33.639
48,181,-96.676,33.625
48,61,-97.479,26.103
48,215,-98.181,26.396
48,195,-101.36,36.273
48,421,-101.9,36.279
48,57,-96.58,28.442
54,53,-82.024,38.759
48,113,-96.778,32.767
48,387,-95.048,33.62
51,125,-78.883,37.789
51,15,-79.148,38.172
55,67,-89.068,45.262
47,127,-86.359,35.289
47,143,-84.95,35.601
48,37,-94.422,33.446
51,3,-78.554,38.024
51,103,-76.413,37.705
47,93,-83.938,35.993
48,85,-96.58,33.195
48,349,-96.477,32.048
48,223,-95.565,33.149
48,395,-96.515,31.025
48,111,-102.59,36.286
48,117,-102.61,34.941
48,71,-94.669,29.696
48,201,-95.393,29.857
51,29,-78.529,37.574
51,95,-76.778,37.325
51,23,-79.798,37.565
48,121,-97.121,33.205
48,309,-97.201,31.549
48,153,-101.3,34.074
48,179,-100.81,35.403
48,205,-102.61,35.84
48,369,-102.78,34.532
48,437,-101.74,34.526
48,279,-102.35,34.069
48,69,-102.26,34.534
51,65,-78.283,37.831
48,189,-101.82,34.068
48,17,-102.83,34.068
48,79,-102.83,33.608
48,107,-101.3,33.609
48,303,-101.82,33.611
